{
 "K": [
  [
   996.5517981756639,
   0.0,
   649.6577004357013
  ],
  [
   0.0,
   1215.1237718629295,
   370.5544848639679
  ],
  [
   0.0,
   0.0,
   1.0
  ]
 ],
 "distortion": [
  [
   0.18574368054433174,
   -0.9544382093858454,
   -8.099281976415653e-05,
   0.006350967566224633,
   1.845435948987772
  ]
 ]
}