{
 "K": [
  [
   733.6578273734453,
   0.0,
   628.9876295607913
  ],
  [
   0.0,
   731.534658612846,
   355.1589301764658
  ],
  [
   0.0,
   0.0,
   1.0
  ]
 ],
 "distortion": [
  [
   0.11385030609816627,
   -0.10251523434163207,
   -0.0025797794810923165,
   0.003227634802939054,
   -0.018131267986977274
  ]
 ]
}